20010102a,미술작품에 드러난 점展,점占,exhibition,홍지연,만사대길 부적,천에 실크스크린,15×9.5cm,2001,https://neolook.com/archives/2001010201a.jpg
20010104a,홍성민展 / painting,대나무와 매화 원형의 재발견,solo exhibition,홍성민,대나무3,수묵채색,242×122cm,1998,https://neolook.com/archives/2001010401a.jpg
20010105a,오세영展 / painting,심성의 기호,solo exhibition,오세영,숲속의 이야기,목판화,57×87cm,2000,https://neolook.com/archives/2001010502a.jpg
20010106a,정혜령展 / CHUNGHYERYUNG / 鄭惠寧 / sculpture,공간탐구,solo exhibition,정혜령,둥근 방에 들어가다 I,혼합재료,45×350×350cm,2000,https://neolook.com/archives/2001010601a.jpg
20010107a,9인의 사진展,정물시선,exhibition,김대수,국화,흑백인화,25.4×20.32cm,2000,https://neolook.com/archives/2001010701a.jpg
20010107a,9인의 사진展,정물시선,exhibition,강성민,무제,디지털 프린트,25.4×15.24cm,2000,https://neolook.com/archives/2001010702a.jpg
20010112a,류용문展 / painting,그림의 해부,solo exhibition,류용문,1.2미터,캔버스에 유채,194×130cm,2000,https://neolook.com/archives/2001011201a.jpg
20010113a,2001_0117 ▶ 2001_0128,흩어지다,other,배영환,유행가-5월,광목 약솜 본드 옥도정기,117×91cm,1999,https://neolook.com/archives/2001011301a.jpg
20010113a,2001_0117 ▶ 2001_0128,흩어지다,other,황인기,디지털 산수 000-001,알루미늄판에 실리콘,2000,부분,https://neolook.com/archives/2001011303a.jpg
20010118a,정은미 회화展,나무의 모습,exhibition,정은미,0005-lll,캔버스에 아크릴채색,110×80cm,2001,https://neolook.com/archives/2001011801a.jpg
20010120a,기초/전망展 ①,FONDATIONS_PERSPECTIVES,exhibition,임옥상,숲의 눈물,캔버스에 유채,131×187cm,1997,https://neolook.com/archives/2001012002a.jpg
20010121a,기초/전망展 ②,FONDATIONS_PERSPECTIVES,exhibition,민정기,운봉와송,캔버스에 유채,160×80cm,2000,https://neolook.com/archives/2001012101a.jpg
20010122a,기초/전망展 ③,FONDATIONS_PERSPECTIVES,exhibition,노원희,구직求職,종에 꼴라쥬,140×80cm,2000,https://neolook.com/archives/2001012201a.jpg
20010123a,기초/전망展 ④,FONDATIONS_PERSPECTIVES,exhibition,주재환,짜장면 배달,캔버스에 유채,65×54cm,1998,https://neolook.com/archives/2001012301a.jpg
20010124a,기초/전망展 ⑤,FONDATIONS_PERSPECTIVES,exhibition,손장섭,금강산 가는길/온정리,종이에 담채,22.8×30.5cm,1999,https://neolook.com/archives/2001012401a.jpg
20010125a,민예총 미학 포럼,뉴미디어 시대 예술운동의 현황과 과제,other,이동기,워키토키,캔버스에 아크릴채색,41×32cm,1998,https://neolook.com/archives/2001012501a.jpg
20010128a,김덕기展 / KIMDUKKI / 金悳冀 / painting,가족일기: 믿음과 사랑 Family Diary: Faith and Love,solo exhibition,김덕기,나의 이야기,한지에 수묵채색,69×86cm,2000,https://neolook.com/archives/2001012801a.jpg
20010130a,故류인展 / RYUIN / 柳仁 / sculpture,그와의 약속_Promise with Him,solo exhibition,류인,어둠의 공기 I,브론즈,70×33×151cm,1989,https://neolook.com/archives/2001013001a.jpg
20010131a,남북을 비추는 세 가지 시선展,선샤인 Sunshine,exhibition,솔룬 호아즈,"""서울일기"" 중에서",다큐멘터리 영상,00:73:00,2001,https://neolook.com/archives/2001013101a.jpg
20010210a,김태헌展 / KIMTAEHEON / 金泰憲 / painting,畵亂中日記,solo exhibition,김태헌,무데뽀 정신,캔버스에 유채,22×16cm,1998,https://neolook.com/archives/2001021001a.jpg
20010212a,이흥덕展 / LEEHEUNGDUK / 李興德 / painting,섬세한 감각계*** 회화적 되새김질,solo exhibition,이흥덕,여유,캔버스에 유채,90×72cm,1995,https://neolook.com/archives/2001021201a.jpg
20010215a,2001_0215 ▶ 2001_0226,PS 포토展,other,강상훈,99429 황학동,컬러인화,150×100cm,1999,https://neolook.com/archives/2001021501a.jpg
20010216a,1980년대 현실주의 미술운동을 생각한다,1980년대 리얼리즘과 그 시대 ①,other,오윤,춤,채색 목판화,30.5×25.5cm,1985,https://neolook.com/archives/2001021601a.jpg
20010219a,임흥순展 / IMHEUNGSOON / 任興淳 / video.painting,답십리 우성연립 지하 101호,solo exhibition,임흥순,이천 가는 길 연작 중,장지에 아크릴채색,40×55cm,1999,https://neolook.com/archives/2001021901a.jpg
20010221a,이한수展 / LEEHANSU / 李漢洙 /  mixed media.installation,괴수의 방,solo exhibition,이한수,천왕성에서 온 일기예보,무선 자동차를 이용한 설치영상,300×1200×1000cm,2001,https://neolook.com/archives/2001022102a.jpg
20010221a,이한수展 / LEEHANSU / 李漢洙 /  mixed media.installation,괴수의 방,solo exhibition,이한수,괴수의 방,실리콘 야광 잉크 블랙라이트,300×700×700cm,2001,https://neolook.com/archives/2001022103a.jpg
20010223a,장지희展,비상구,exhibition,장지희,출구,단채널 비디오,00:02:20,1998,https://neolook.com/archives/2001022301a.jpg
20010225a,책임기획_진동선,앗제가 본 서울,other,유현민,한남동,젤라틴 실버 프린트,30×44cm,2000,https://neolook.com/archives/2001022501a.jpg
20010303a,이정진展 / LEEJUNGJIN / 李貞眞 / photography,On Road,solo exhibition,이정진,On Road 00-08,한지에 감광인화,55×79inch,2000,https://neolook.com/archives/2001030301a.jpg
20010305a,책임기획_고충환,재현의 재현,other,우중근,아담과 이브,캔버스에 아크릴채색 유채 에나멜,250×125cm×2,2001,https://neolook.com/archives/2001030503a.jpg
20010305a,책임기획_고충환,재현의 재현,other,이동기,가상 정신병,캔버스에 아크릴채색,162×130cm,2001,https://neolook.com/archives/2001030504a.jpg
20010306a,박무림展,여행,exhibition,박무림,Exposed,설치,혼합재료,1998,https://neolook.com/archives/2001030601a.jpg
20010311a,류준화展 / RYUJUNHWA / 柳俊華 / painting,그녀의 침묵,solo exhibition,류준화,검정색 스타킹,캔버스에 아크릴채색,122×89cm,1999,https://neolook.com/archives/2001031102a.jpg
20010312a,이순종展 / LEESOONJONG / 李純鍾 / painting,일획으로부터,solo exhibition,이순종,미인도,인조머리카락,20×7cm,2001,https://neolook.com/archives/2001031201a.jpg
20010315a,1980년대 현실주의 미술운동을 생각한다,1980년대 리얼리즘과 그 시대 ②,other,오윤,낮 도깨비,채색 목판화,54×42cm,1985,https://neolook.com/archives/2001031501a.jpg
20010315a,1980년대 현실주의 미술운동을 생각한다,1980년대 리얼리즘과 그 시대 ②,other,이종구,종자,캔버스에 아크릴채색,162×131cm,1996,https://neolook.com/archives/2001031502a.jpg
20010315a,1980년대 현실주의 미술운동을 생각한다,1980년대 리얼리즘과 그 시대 ②,other,임옥상,웅덩이,캔버스에 아크릴채색,111×111cm,1976,https://neolook.com/archives/2001031503a.jpg
20010315a,1980년대 현실주의 미술운동을 생각한다,1980년대 리얼리즘과 그 시대 ②,other,홍성담,고풀이,캔버스에 아크릴채색,116×80cm,1995,https://neolook.com/archives/2001031504a.jpg
20010318a,2001_0330_금요일_07:00pm ▶ 2001_0331_토요일_05:00am,MILK CROWN,other,권오상,340장의 나른함에 관하여,컬러인화 사진접합,2000,부분,https://neolook.com/archives/2001031801a.jpg
20010320a,홍양숙 회화展,자연의 판타지,exhibition,홍양숙,양란,캔버스에 유채,60×72cm,1999,https://neolook.com/archives/2001032001a.jpg
20010322a,송만규展,섬진강*** 언 강끝에서 꽃을 줍다.,exhibition,송만규,자작나무와 아이들,한지에 수묵,57×85cm,2001,https://neolook.com/archives/2001032201a.jpg
20010322a,송만규展,섬진강*** 언 강끝에서 꽃을 줍다.,exhibition,송만규,휘도는 섬진강,한지에 수묵,66×132cm,2001,https://neolook.com/archives/2001032202a.jpg
20010326a,책임기획_진동선,미명의 새벽,other,홍순태,서울 청계천,흑백인화,14×11inch,1969,https://neolook.com/archives/2001032601a.jpg
20010327a,책임기획_강수미,"타인 ""없는"" 세상",other,홍경택,서재3,캔버스에 유채,2001,부분,https://neolook.com/archives/2001032701a.jpg
20010328a,황성준展 / HWANGSUNGJOON / 黃成俊 / mixed media,침묵의 시간 세우기,solo exhibition,황성준,108인을 위한 식탁,설치,혼합재료,2001,https://neolook.com/archives/2001032801a.jpg
20010329a,책임기획_최봉림,삶의 시간*** 시간의 얼굴,other,김옥선,방안에 선 혜정,컬러인화,125×160cm,2001,https://neolook.com/archives/2001032901a.jpg
20010329a,책임기획_최봉림,삶의 시간*** 시간의 얼굴,other,최은화,나를 닮은 아이,컬러인화,150×120cm,2000,https://neolook.com/archives/2001032902a.jpg
20010329a,책임기획_최봉림,삶의 시간*** 시간의 얼굴,other,이선민,준훈이네,컬러인화,120×120cm,2000,https://neolook.com/archives/2001032906a.jpg
20010329a,책임기획_최봉림,삶의 시간*** 시간의 얼굴,other,조용준,김완수 59세,컬러인화,100×100cm,2000,https://neolook.com/archives/2001032907a.jpg
20010330a,전민수展 / JUNMINSOO / 全敏洙 / media art,그림같은 사진*** 사진같은 그림,solo exhibition,전민수,그림사진,젤라틴 실버 프린트,11×14inch,2000,https://neolook.com/archives/2001033001a.jpg
20010401a,손정목展 / photography.video,고장난 욕망의 레이다,solo exhibition,손정목,천사의 날개를 뽑다,디지털프린트 스티커,14.8×10.5cm,2001,https://neolook.com/archives/2001040101a.jpg
20010401a,손정목展 / photography.video,고장난 욕망의 레이다,solo exhibition,손정목,pain,단채널 비디오 영상,00:08:20,1999,https://neolook.com/archives/2001040102a.jpg
20010402a,최경선展 / CHOIKYUNGSUN / 崔敬善 / painting,Return,solo exhibition,최경선,치유,캔버스에 아크릴채색,182×227cm,2001,https://neolook.com/archives/2001040201a.jpg
20010402a,최경선展 / CHOIKYUNGSUN / 崔敬善 / painting,Return,solo exhibition,최경선,Memory box,캔버스에 아크릴채색,227×182cm,2000,https://neolook.com/archives/2001040202a.jpg
20010404a,신하순展 / SHINHASOON / 申夏淳 / painting,오늘 하루,solo exhibition,신하순,생각에 잠기다-오늘하루,한지에 수묵채색,143×170cm,2001,https://neolook.com/archives/2001040401a.jpg
20010408a,이한수展 / LEEHANSU / 李漢洙 /  video.installation,천왕성에서 온 일기예보,solo exhibition,이한수,천왕성에서 온 일기예보,무선 자동차를 이용한 설치영상,300×1200×1000cm,2001,https://neolook.com/archives/2001040802a.jpg
20010409a,원상철展 / painting,365-일상(나),solo exhibition,원상철,365-일상(나),혼합재료,25×23×6cm,2001,https://neolook.com/archives/2001040901a.jpg
20010411a,김덕용展 / KIMDUCKYONG / 金德龍 / painting,영속의 시간,solo exhibition,김덕용,결 38-15,나무에 단청기법,82.5×48cm,2001,https://neolook.com/archives/2001041101a.jpg
20010412a,1부 / 2001_0413 ▶ 2001_0520 / 월요일 휴관,60년대 이응노 꼴라주,other,이응노,구성10,한지에 꼴라주 담채,164×78cm,1962,https://neolook.com/archives/2001041201a.jpg
20010413a,정재규展 / CHONGJAEKYOO / 鄭載圭 / photography,Devant la Photo,solo exhibition,정재규,뉴욕'99,사진 판지,140×100cm,2000,https://neolook.com/archives/2001041301a.jpg
20010414a,平人 宋東鈺 書藝展,墨의 境界,exhibition,송동옥,나무,한지에 혼합재료,188×94cm,2001,https://neolook.com/archives/2001041401a.jpg
20010415a,오순환展 / OHSOONHWAN / 吳淳煥 / painting,휴휴심,solo exhibition,오순환,휴일,기성 상화에 아크릴채색,80.6×92.7cm,1999,https://neolook.com/archives/2001041501a.jpg
20010415a,오순환展 / OHSOONHWAN / 吳淳煥 / painting,휴휴심,solo exhibition,오순환,휴휴심,캔버스에 아크릴채색,210×259cm,1998,https://neolook.com/archives/2001041504a.jpg
20010418a,김선회展 / KIMSUNHOE / 金善會 / photography,Trace & Transformation,solo exhibition,김선회,Trace & Transformation,흑백인화,20×24inch,2000,https://neolook.com/archives/2001041801a.jpg
20010418b,최은경展 / CHOIEUNKYUNG / 崔殷京 / painting,시루떡 먹은 북어,solo exhibition,최은경,손 없는 날의 거울,캔버스에 유채,117×91cm,2000,https://neolook.com/archives/2001041801b.jpg
20010418b,최은경展 / CHOIEUNKYUNG / 崔殷京 / painting,시루떡 먹은 북어,solo exhibition,최은경,모호한 어원 1,캔버스에 유채,46×38cm,2000,https://neolook.com/archives/2001041802b.jpg
20010418b,최은경展 / CHOIEUNKYUNG / 崔殷京 / painting,시루떡 먹은 북어,solo exhibition,최은경,모호한 어원 2,캔버스에 유채,87×61cm,2000,https://neolook.com/archives/2001041803b.jpg
20010418b,최은경展 / CHOIEUNKYUNG / 崔殷京 / painting,시루떡 먹은 북어,solo exhibition,최은경,족보,캔버스에 유채,58×50cm,2000,https://neolook.com/archives/2001041804b.jpg
20010418b,최은경展 / CHOIEUNKYUNG / 崔殷京 / painting,시루떡 먹은 북어,solo exhibition,최은경,福-수건,캔버스에 유채,122×83cm,2001,https://neolook.com/archives/2001041805b.jpg
20010418b,최은경展 / CHOIEUNKYUNG / 崔殷京 / painting,시루떡 먹은 북어,solo exhibition,최은경,분별된 기능,캔버스에 유채,122×83cm,2001,https://neolook.com/archives/2001041806b.jpg
20010418b,최은경展 / CHOIEUNKYUNG / 崔殷京 / painting,시루떡 먹은 북어,solo exhibition,최은경,기능에 대해 봉인된 풍경,캔버스에 유채,146×112cm,2000,https://neolook.com/archives/2001041807b.jpg
20010418b,최은경展 / CHOIEUNKYUNG / 崔殷京 / painting,시루떡 먹은 북어,solo exhibition,최은경,형상의 공백,캔버스에 유채,87×61cm,2001,https://neolook.com/archives/2001041808b.jpg
20010418b,최은경展 / CHOIEUNKYUNG / 崔殷京 / painting,시루떡 먹은 북어,solo exhibition,최은경,수채구멍,캔버스에 유채,73×61cm,2000,https://neolook.com/archives/2001041809b.jpg
20010419a,지성배展 / JISUNGBAE / 池成培 / photography,HUMAN REFINERY,solo exhibition,지성배,HUMAN REFINERY,흑백인화,20×24inch,2000,https://neolook.com/archives/2001041901a.jpg
20010420a,김용철展 / KIMYONGCHUL / 金容哲 / painting,행복한 부적,solo exhibition,김용철,온수리 수탉,캔버스에 혼합재료,72.7×60.6cm,2001,https://neolook.com/archives/2001042001a.jpg
20010420a,김용철展 / KIMYONGCHUL / 金容哲 / painting,행복한 부적,solo exhibition,김용철,모란꽃,캔버스에 혼합재료,72.7×60.6cm,2001,https://neolook.com/archives/2001042002a.jpg
20010421a,한국독립애니메이션 특별展,척추 동물의 탄생,exhibition,문제대,아름다운 시절,점토 애니메이션,00:06:40,2000,https://neolook.com/archives/2001042101a.jpg
20010421a,한국독립애니메이션 특별展,척추 동물의 탄생,exhibition,홍성담,탈옥,2D 애니메이션,00:04:10,1999,https://neolook.com/archives/2001042102a.jpg
20010421a,한국독립애니메이션 특별展,척추 동물의 탄생,exhibition,곽은숙,나혜석괴담,필름에 에칭,00:03:22,2001,https://neolook.com/archives/2001042103a.jpg
20010422a,배정은 회화展,Jigsaw Puzzle,exhibition,배정은,Jigsaw puzzle 00-8,종이에 아크릴채색,95.5×122cm,2000,https://neolook.com/archives/2001042201a.jpg
20010426a,2001_0421 ▶ 2001_0501,PowerPowder,other,이필두,Everybody is Perfect,단채널 비디오 영상, 00:05:56,2001,https://neolook.com/archives/2001042601a.jpg
20010428a,이창희 영상설치展,@rt,exhibition,이창희,@rt,단채널 영상,00:02:20,2001,https://neolook.com/archives/2001042801a.jpg
20010428a,이창희 영상설치展,@rt,exhibition,이창희,@rt,단채널 영상,00:02:20,2001,https://neolook.com/archives/2001042802a.jpg
20010501a,한일 디자인의 새로운 흐름展,Active Wire,exhibition,김두섭,통일,종이에 인쇄,1995,부분,https://neolook.com/archives/2001050103a.jpg
20010503a,최소연 회화展,얍!,exhibition,최소연,얍 6. 물,종이에 잉크,22×29cm,2000,https://neolook.com/archives/2001050301a.jpg
20010503a,최소연 회화展,얍!,exhibition,최소연,스펀지,종이에 과슈,190×147.5cm,2000,https://neolook.com/archives/2001050303a.jpg
20010503a,최소연 회화展,얍!,exhibition,최소연,병,캔버스에 아크릴,69.5×130cm,2001,https://neolook.com/archives/2001050304a.jpg
20010503a,최소연 회화展,얍!,exhibition,최소연,실종,종이에 아크릴,각 130×130cm,2001,https://neolook.com/archives/2001050305a.jpg
20010504a,류지선 회화展,사이비 동물원,exhibition,류지선,들소,캔버스에 실리콘,130×90cm,2001,https://neolook.com/archives/2001050401a.jpg
20010505a,우상호 회화展,KARMA,exhibition,우상호,KARMA 샘·원천,종이에 먹,46×21cm,2000,https://neolook.com/archives/2001050501a.jpg
20010506a,1부 / 2001_0420 ▶ 2001_0505,SUB+WAY,other,김정욱, ,한지에 먹 채색,94.5×63cm,1999,https://neolook.com/archives/2001050601a.jpg
20010506a,1부 / 2001_0420 ▶ 2001_0505,SUB+WAY,other,이정승원,말할 수 없음,Post-it,250.8×250.8cm,1998,https://neolook.com/archives/2001050602a.jpg
20010506a,1부 / 2001_0420 ▶ 2001_0505,SUB+WAY,other,김정선,정민과 정은,종이에 유채,100×70cm,2000,https://neolook.com/archives/2001050605a.jpg
20010506a,1부 / 2001_0420 ▶ 2001_0505,SUB+WAY,other,정광현,Untitled,벽면에 드로잉,50×30cm,2001,https://neolook.com/archives/2001050606a.jpg
20010507a,윤석구_이종빈_채우승 조각展,자본주의 문화 인간,exhibition,윤석구,Capitalism,합성수지에 채색,40×40×110cm,2001,https://neolook.com/archives/2001050701a.jpg
20010507a,윤석구_이종빈_채우승 조각展,자본주의 문화 인간,exhibition,채우승,무제||,합성수지에 채색,55×165×18cm,2001,https://neolook.com/archives/2001050702a.jpg
20010507a,윤석구_이종빈_채우승 조각展,자본주의 문화 인간,exhibition,이종빈,거대한 Sketch book,합성수지에 채색 와이어,90×120×16cm,2001,https://neolook.com/archives/2001050703a.jpg
20010515a,김일용 조각展,The Shell,exhibition,김일용,껍질,석고,24×26.5×10cm,2001,https://neolook.com/archives/2001051501a.jpg
20010516a,정주하 사진展,혜생원,exhibition,정주하,혜생원,젤라틴 실버 프린트,14×11inch,1983,https://neolook.com/archives/2001051601a.jpg
20010521a,김근표 사진展,익숙하지만 낯선,exhibition,김근표,익숙하지만 낯선,흑백인화,11×14inch,2000,https://neolook.com/archives/2001052101a.jpg
20010523a,조미영展 / CHOMIYOUNG / 趙美英 / painting,돌·盲·인,solo exhibition,조미영,기상,한지에 먹,2001,부분,https://neolook.com/archives/2001052303a.jpg
20010525a,이강우展 / LEEGANGWOO / 李康雨 / photography,신체풍경-Young Persons,solo exhibition,이강우,문화풍경 시선 그리고 개념적 색채에 관하여,시바크롬 프린트,각 250×70cm,2000,https://neolook.com/archives/2001052501a.jpg
20010527a,정명조展 / JEONGMYOUNGJO / 鄭明祚 / painting,상상을 넘어선 아름다움,solo exhibition,정명조,상상을 넘어선 아름다움,캔버스에 유채,112×162cm,2001,https://neolook.com/archives/2001052701a.jpg
20010527a,정명조展 / JEONGMYOUNGJO / 鄭明祚 / painting,상상을 넘어선 아름다움,solo exhibition,정명조,상상을 넘어선 아름다움,캔버스에 유채,45.5×65.2cm,2001,https://neolook.com/archives/2001052702a.jpg
20010528b,함명수展 / HAMMYUNGSU / 咸明洙 / painting,면발 풍경,solo exhibition,함명수,자화상,캔버스에 유채,162.2×130.3cm,2000,https://neolook.com/archives/2001052801b.jpg
20010528b,함명수展 / HAMMYUNGSU / 咸明洙 / painting,면발 풍경,solo exhibition,함명수,Vincent Van Gohg,캔버스에 유채,162.2×130.3cm,2001,https://neolook.com/archives/2001052803b.jpg
20010528b,함명수展 / HAMMYUNGSU / 咸明洙 / painting,면발 풍경,solo exhibition,함명수,Noodle scape,캔버스에 유채,116.7×91cm,2000,https://neolook.com/archives/2001052804b.jpg
20010528b,함명수展 / HAMMYUNGSU / 咸明洙 / painting,면발 풍경,solo exhibition,함명수,Noodle scape,캔버스에 유채,112×162cm,1999~2000,https://neolook.com/archives/2001052805b.jpg
20010528b,함명수展 / HAMMYUNGSU / 咸明洙 / painting,면발 풍경,solo exhibition,함명수,Cup,캔버스에 유채,72.7×90.9cm,2000,https://neolook.com/archives/2001052806b.jpg
20010528b,함명수展 / HAMMYUNGSU / 咸明洙 / painting,면발 풍경,solo exhibition,함명수,Tunnel,캔버스에 유채,162×227cm,2001,https://neolook.com/archives/2001052807b.jpg
20010529a,임창재 감독展,상흔***기억의 편린,exhibition,임창재,아쿠아 레퀴엠,칼러 16mm,00:27:00,1999,https://neolook.com/archives/2001052901a.jpg
20010531a,박윤경 회화展,City-Daily Festival,exhibition,박윤경,BIG Wheel,판넬에 아크릴채색,ø148.0cm,2001,https://neolook.com/archives/2001053101a.jpg
20010602a,김미혜展 / KIMMIHYE / 金美惠 / painting,구석진 자리,solo exhibition,김미혜,예찬,캔버스에 아크릴채색,130.3×162.1cm,2001,https://neolook.com/archives/2001060201a.jpg
20010603a,백인정展 / BAIKINJUNG / 白寅靜 / sculpture,섬,solo exhibition,백인정,섬,석고 철,각 50×200×70cm,2001,https://neolook.com/archives/2001060301a.jpg
20010604a,조경선 회화展,시계는 아침부터 똑딱똑딱...,exhibition,조경선,시계는 아침부터 똑딱똑딱,판넬에 아크릴채색,지름 30cm,2001,https://neolook.com/archives/2001060401a.jpg
20010608a,김주현展 / KIMJOOHYUN / 金珠賢 / sculpture,쌓기,solo exhibition,김주현,무제,알루미늄판 잘라서 쌓기,60×60×60cm,2000,https://neolook.com/archives/2001060801a.jpg
20010612a,염동철展 / YOUMDONGCHEOL / 廉東哲 / video,물을 거슬러 헤엄치다,solo exhibition,염동철,상수원수 3급수,단채널 비디오 영상,00:01:56,2001,https://neolook.com/archives/2001061201a.jpg
20010612a,염동철展 / YOUMDONGCHEOL / 廉東哲 / video,물을 거슬러 헤엄치다,solo exhibition,염동철,어항속 TV물고기,단채널 비디오 영상과 설치,00:01:07,2001,https://neolook.com/archives/2001061202a.jpg
20010614a,책임기획_김미진,디지털 시티 Digital city,other,이주용,숨겨진 질서의 복제,30개의 홀로그램,2001,부분,https://neolook.com/archives/2001061401a.jpg
20010616a,권오상展 / GWONOSANG / 權五祥 / sculpture.installation,DEODORANT TYPE,solo exhibition,권오상,350장으로 구성된 뷰파인더에 대한 보고서,컬러사진과 혼합재료,175×60×40cm,2001,https://neolook.com/archives/2001061601a.jpg
20010617a,노승복展 / ROHSEUNGBOK / 盧承福 / installation.video,육·성_肉·聲,solo exhibition,노승복,육·성 #8,3대의 빔프로젝트,00:04:01,2001,https://neolook.com/archives/2001061701a.jpg
20010617a,노승복展 / ROHSEUNGBOK / 盧承福 / installation.video,육·성_肉·聲,solo exhibition,노승복,육·성 #9,3대의 빔프로젝트,00:03:01,2001,https://neolook.com/archives/2001061702a.jpg
20010618a,이가경展 / LEEKAKYOUNG / 李佳景 / printing,가경*** 표류하다,exhibition,이가경,가경 표류하다 시리즈 중,부식 동판화,22×30cm,2001,https://neolook.com/archives/2001061801a.jpg
20010618a,이가경展 / LEEKAKYOUNG / 李佳景 / printing,가경*** 표류하다,exhibition,이가경,14:30 in an Airport,부식 동판화,60×90cm,2001,https://neolook.com/archives/2001061802a.jpg
20010619a,책임기획_윤후영,전환된 이미지_Image Transit,other,최원진,Mystery of Symmetry,디지털 이미지 컬러 프린트,각 150×120cm,1996,https://neolook.com/archives/2001061901a.jpg
20010619a,책임기획_윤후영,전환된 이미지_Image Transit,other,홍균,비 눈,흑백인화,120×150cm,1992,https://neolook.com/archives/2001061902a.jpg
20010619a,책임기획_윤후영,전환된 이미지_Image Transit,other,김영길,This & That 연작,디지털 출력,100×100cm,2000,https://neolook.com/archives/2001061903a.jpg
20010619a,책임기획_윤후영,전환된 이미지_Image Transit,other,이상윤,Image of Land Form,흑백인화,125×200cm,1997,https://neolook.com/archives/2001061904a.jpg
20010619a,책임기획_윤후영,전환된 이미지_Image Transit,other,전흥수,花景Ⅳ,컬러인화,60×32cm,1997,https://neolook.com/archives/2001061905a.jpg
20010620a,이정승원展 / LEEJUNGSEUNGWON / 李鄭承垣 / painting,ing,solo exhibition,이정승원,마릴린 몬로,플래그,각 91×72cm,2001,https://neolook.com/archives/2001062001a.jpg
20010620a,이정승원展 / LEEJUNGSEUNGWON / 李鄭承垣 / painting,ing,solo exhibition,이정승원,모나리자,라이트판 위에 플래그,30×21cm,2001,https://neolook.com/archives/2001062003a.jpg
20010621a,문미진_박이원展,視:See;時,exhibition,문미진,자화상,컬러인화,60×50cm,2001,https://neolook.com/archives/2001062101a.jpg
20010621a,문미진_박이원展,視:See;時,exhibition,박이원,fishdress,캔버스천과 혼합재료,150×270×70cm,2001,https://neolook.com/archives/2001062102a.jpg
20010626a,안상진展 / ANSANGJIN / 安相鎭 / installation,도시유감·都市有感,solo exhibition,안상진,connection,결합 접합 이음..,162×220cm×3,2001,https://neolook.com/archives/2001062602a.jpg
20010627a,최병수展 / CHOIBYUNGSOO / 崔秉洙 / printing.sculpture,새만금 갯벌 지킴이,solo exhibition,최병수,새만금 지킴이,게 망둥어 갯지렁이 모양의 솟대,갯벌에 설치,2000,https://neolook.com/archives/2001062701a.jpg
20010627a,최병수展 / CHOIBYUNGSOO / 崔秉洙 / printing.sculpture,새만금 갯벌 지킴이,solo exhibition,최병수,장산곶매, 걸개그림용 밑그림,10×15m,1990,https://neolook.com/archives/2001062703a.jpg
20010703a,2001 미메시스 영상미술제,넘나들기,other,오진희,상자 속의 아이,컴퓨터 2D 애니메이션,00:08:00,2001,https://neolook.com/archives/2001070301a.jpg
20010703a,2001 미메시스 영상미술제,넘나들기,other,곽은숙,나혜석괴담,필름에 에칭,00:03:22,2001,https://neolook.com/archives/2001070302a.jpg
20010704a,노석미展 / NOHSEOKMEE / 盧石美 / painting,악수하기,solo exhibition,노석미,어렵지 않아요,종이에 연필,13×50cm,2001,https://neolook.com/archives/2001070401a.jpg
20010704a,노석미展 / NOHSEOKMEE / 盧石美 / painting,악수하기,solo exhibition,노석미,후렌치후라이,종이에 실크스크린,22×35cm,2001,https://neolook.com/archives/2001070402a.jpg
20010705a,디자인모임 사과나무展,사과나무*** 첫번째 사과나무를 심다,exhibition,김은성,47-01 貴童女,비디오 영상,00:15:00,2001,https://neolook.com/archives/2001070501a.jpg
20010705a,디자인모임 사과나무展,사과나무*** 첫번째 사과나무를 심다,exhibition,백재훈,일러스트 글자,비디오 영상,00:01:22,2001,https://neolook.com/archives/2001070503a.jpg
20010705a,디자인모임 사과나무展,사과나무*** 첫번째 사과나무를 심다,exhibition,염동철,새만금 갯벌의 하루 체험,비디오 영상,00:33:30,2001,https://neolook.com/archives/2001070504a.jpg
20010706a,2001_0701 ▶ 2001_0710,SOMETHING OR NOTHING,other,안세은,People,점토에 아크릴,가변치수,2001,https://neolook.com/archives/2001070601a.jpg
20010706a,2001_0701 ▶ 2001_0710,SOMETHING OR NOTHING,other,주영신,It is Trifle,벽에 비닐,Ø 250cm,2001,https://neolook.com/archives/2001070602a.jpg
20010708a,1부 / 2001_0704 ▶ 2001_0710,Personal Color_New Color New Work,other,김요한,L.A and I in 1999,컬러인화,16×20inch,1999,https://neolook.com/archives/2001070802a.jpg
20010708a,1부 / 2001_0704 ▶ 2001_0710,Personal Color_New Color New Work,other,한성수,무제,시바크롬L-type,19×19cm,1999,https://neolook.com/archives/2001070803a.jpg
20010710a,김은희 영상展,안(內)에서 자라다,exhibition,김은희,어두움,외부의 강한 힘,단채널 비디오 영상,2001,https://neolook.com/archives/2001071002a.jpg
20010711a,김형섭 사진展,Sympathies,exhibition,김형섭,Sympathies,컬러인화,150×120cm,2001,https://neolook.com/archives/2001071101a.jpg
20010711a,김형섭 사진展,Sympathies,exhibition,김형섭,Sympathies,컬러인화,150×120cm,2001,https://neolook.com/archives/2001071102a.jpg
20010713a,책임기획_김혜경,디아나의 노래,other,아타김,Museum Project #133,컬러인화,100×120cm,2001,https://neolook.com/archives/2001071301a.jpg
20010713a,책임기획_김혜경,디아나의 노래,other,황인기,27kg짜리 윤두서와 33kg짜리 윤두서,스테인레스판 위에 실리콘,200×200cm,2001,https://neolook.com/archives/2001071304a.jpg
20010729a,왕두展 / Wang Du / 王度 / sculpture,일회용 현실,solo exhibition,왕두,테러리스트,석고에 채색,150×120×130cm,2000,https://neolook.com/archives/2001072901a.jpg
20010729a,왕두展 / Wang Du / 王度 / sculpture,일회용 현실,solo exhibition,왕두,인도네시아 시위자,석고에 채색,140×130×60cm / 165×180×87cm,2000,https://neolook.com/archives/2001072902a.jpg
20010729a,왕두展 / Wang Du / 王度 / sculpture,일회용 현실,solo exhibition,왕두,아이들의 게임,석고에 채색,135×100×108cm,2000,https://neolook.com/archives/2001072903a.jpg
20010730a,홍수연展 / HONGSOOYEON / 洪受沇 / painting,Vestible,solo exhibition,홍수연,Template#1,캔버스에 아크릴채색,48×60inch,2001,https://neolook.com/archives/2001073001a.jpg
20010730a,홍수연展 / HONGSOOYEON / 洪受沇 / painting,Vestible,solo exhibition,홍수연,Eye-lands,설치,peel on acetate,2001,https://neolook.com/archives/2001073002a.jpg
20010801a,유비호展 / RYUBIHO / 劉飛虎 / video,몽유 夢遊,solo exhibition,유비호,말없이,단채널 비디오 영상,00:07:00,2001,https://neolook.com/archives/2001080101a.jpg
20010802a,고상우展 / KOHSANGWOO / 高尙佑 / photography,꽃은 든 남자,solo exhibition,고상우,이브 Eve,Glicee Print on Sintra,76×52cm,2000,https://neolook.com/archives/2001080201a.jpg
20010817a,책임기획_김준기,現場 2001 : 건·너·간·다,other,구본주,갑오농민전쟁,나무 철,35×60×25cm,1991,https://neolook.com/archives/2001081701a.jpg
20010817a,책임기획_김준기,現場 2001 : 건·너·간·다,other,배영환,젊은 미소,캔버스에 아크릴채색,91×116.8cm,1996,https://neolook.com/archives/2001081702a.jpg
20010817a,책임기획_김준기,現場 2001 : 건·너·간·다,other,최병수,반전반핵도,천에 아크릴 채색,610×880cm,1988,https://neolook.com/archives/2001081703a.jpg
20010817a,책임기획_김준기,現場 2001 : 건·너·간·다,other,방정아,바다 끝에 선 여인들,캔버스에 유채,162.1×130.3cm,1993,https://neolook.com/archives/2001081704a.jpg
20010817a,책임기획_김준기,現場 2001 : 건·너·간·다,other,박은태,창원공단에서 2,장지에 아크릴채색,153×196cm,1994,https://neolook.com/archives/2001081705a.jpg
20010817a,책임기획_김준기,現場 2001 : 건·너·간·다,other,박경주,잠(Sleep),단채널 비디오 영상,00:07:00,1994/재편집 2001,https://neolook.com/archives/2001081706a.jpg
20010817a,책임기획_김준기,現場 2001 : 건·너·간·다,other,김태헌,잘 키운 딸 열 아들 안 부럽다,혼합재료,290×290cm,1992,https://neolook.com/archives/2001081709a.jpg
20010821a,사진의 새로운 시각적 모험,독일의 주관적 사진 1948-1963,other,구이도 만골트,서베를린의 존 에프 케네디,흑백인화,40×30.4cm,1963,https://neolook.com/archives/2001082101a.jpg
20010821a,사진의 새로운 시각적 모험,독일의 주관적 사진 1948-1963,other,군터 코이젠,잠든 알무스,흑백인화,30×39.1cm,1960,https://neolook.com/archives/2001082102a.jpg
20010824a,책임기획_한미애,문화식민지,other,김기라,Dance Dance,DVD 영상설치,00:03:45,2001,https://neolook.com/archives/2001082402a.jpg
20010831a,김세진展 / KIMSEJIN / 金世珍 / video,inner-view,solo exhibition,김세진,꿈 속에서,6mm DV 동영상,00:04:00,1999,https://neolook.com/archives/2001083101a.jpg
20010831a,김세진展 / KIMSEJIN / 金世珍 / video,inner-view,solo exhibition,김세진,10 to 10,16mm 흑백 동영상,00:20:00,2001,https://neolook.com/archives/2001083102a.jpg
20010901a,박강원展 / PARKKANGWON / 朴康遠 / painting,마음의 여행,solo exhibition,박강원,97 판테온 카페,캔버스에 유채,35×27cm,2001,https://neolook.com/archives/2001090101a.jpg
20010901a,박강원展 / PARKKANGWON / 朴康遠 / painting,마음의 여행,solo exhibition,박강원,91 (송광사1),캔버스에 유채,60.5×72.5cm,1999,https://neolook.com/archives/2001090102a.jpg
20010902a,김종구_김창겸_박은선展,Post-material 탈-물질,exhibition,김종구,대동여지도,쇠가루cc카메라 스크린 빔프로젝트,280×380×320cm,2001,https://neolook.com/archives/2001090201a.jpg
20010902a,김종구_김창겸_박은선展,Post-material 탈-물질,exhibition,박은선,평면적이며 연속적인,벽면에 혼합재료,315×505cm,2000,https://neolook.com/archives/2001090202a.jpg
20010902a,김종구_김창겸_박은선展,Post-material 탈-물질,exhibition,김창겸,편지,비디오 설치,00:06:00,2000,https://neolook.com/archives/2001090203a.jpg
20010904a,경안창작스튜디오 제1기 작가 전시 및 오픈스튜디오,새로운 빛으로*** 생명으로,other,육근병,생존의 꿈,철 비디오 프로젝터와 영상 음향기기,00:15:00,1996,https://neolook.com/archives/2001090401a.jpg
20010904a,경안창작스튜디오 제1기 작가 전시 및 오픈스튜디오,새로운 빛으로*** 생명으로,other,박소영,화분,화분 폴리코트 모조잎,65×21×12cm,2001,https://neolook.com/archives/2001090402a.jpg
20010906a,김윤정 회화展,윤정이의 개인(個人) 이야기,exhibition,김윤정,cayenne,젤라틴 실버 프린트 혼합재료,27.9×17.8cm×36점,2001,https://neolook.com/archives/2001090601a.jpg
20010907a,이명아展 / LEEMYOUNGA / 李明娥 / painting,출구없는 방,solo exhibition,이명아,#1,캔버스에 아크릴 콘테,60×33cm,2001,https://neolook.com/archives/2001090701a.jpg
20010908a,이샛별展 / LISETBYUL / painting,위장,solo exhibition,이샛별,위장(보호색)2,잡지에 아크릴채색,42×26cm,2001,https://neolook.com/archives/2001090801a.jpg
20010909a,부드러움이 강함을 가로지른다,외유내강,other,유재홍,70m의 보고서,나무,180×240×240cm,2001,https://neolook.com/archives/2001090901a.jpg
20010909a,부드러움이 강함을 가로지른다,외유내강,other,김희경,니트화장대,털실 바이어스,200×160×140cm,2000,https://neolook.com/archives/2001090902a.jpg
20010912a,정상곤展 / CHUNGSANGGON / 鄭尙坤 / printing,현상(現象*** 現像)-Phainomena,exhibition,정상곤,현상-3,컴퓨터 프린트,140×200cm,1997(6) / 11회 탈린판화트리엔날레 대상 수상작,https://neolook.com/archives/2001091201a.jpg
20010914a,노주환展 / NOHJUHWAN / 盧主煥 / installation,활주로들어간빛,solo exhibition,노주환,활주로들어간빛,금속활자 20000여자 영상설치,50×230×250cm,2001,https://neolook.com/archives/2001091401a.jpg
20010915a,송영규展 / SONGYOUNGKYU / 宋英圭 / painting,고백록,solo exhibition,송영규,고백록,판넬에 아크릴채색,180×70cm,2001,https://neolook.com/archives/2001091501a.jpg
20010915a,송영규展 / SONGYOUNGKYU / 宋英圭 / painting,고백록,solo exhibition,송영규,고백록,판넬에 아크릴채색,180×70cm,2001,https://neolook.com/archives/2001091502a.jpg
20010916a,이규환展 / ANGEL LEE / 李揆環 / painting,색동의 노래,solo exhibition,이규환,색동 보자기,캔버스에 아크릴채색,130×130cm,2001,https://neolook.com/archives/2001091601a.jpg
20010916a,이규환展 / ANGEL LEE / 李揆環 / painting,색동의 노래,solo exhibition,이규환, 색동의 노래,캔버스에 아크릴채색,90×90cm,2001,https://neolook.com/archives/2001091602a.jpg
20010920a,송하나 회화展,공상·꿈·현실과 휴식,exhibition,송하나,공상,나무판에 아크릴채색,115×75cm,2001,https://neolook.com/archives/2001092001a.jpg
20010920a,송하나 회화展,공상·꿈·현실과 휴식,exhibition,송하나,공상,나무판에 아크릴채색,68×49cm,2001,https://neolook.com/archives/2001092002a.jpg
20010922a,배운성展 / painting,남북한 근대미술 복원과 통합을 향한 첫걸음,solo exhibition,배운성,자화상,캔버스에 유채,60.5×51cm,1930년대,https://neolook.com/archives/2001092201a.jpg
20010925a,이한수展 / LEEHANSU / 李漢洙 /  mixed media.installation,로봇투_Robot ll,solo exhibition,이한수,로봇투,모터4개 은색천 센서 설치,400×600×600cm,2001,https://neolook.com/archives/2001092501a.jpg
20010925a,이한수展 / LEEHANSU / 李漢洙 /  mixed media.installation,로봇투_Robot ll,solo exhibition,이한수,용,캔버스에 쌀 유화 락,180×200cm,1999,https://neolook.com/archives/2001092502a.jpg
20010925a,이한수展 / LEEHANSU / 李漢洙 /  mixed media.installation,로봇투_Robot ll,solo exhibition,이한수,보살21,난장이 인형 레이저 포인터 투명구 안개머쉰 레이져 머쉰,400×400×600cm,2001,https://neolook.com/archives/2001092503a.jpg
20010926a,윤주원 작품展,바라보기-Gaze,exhibition,윤주원,바람개비2,알루미늄 홀로그램 시트 등,200×200cm,2001,https://neolook.com/archives/2001092601a.jpg
20010927a,송용민 회화展,민중,exhibition,송용민,윤옥순,골판지에 아크릴채색,79×110cm,2001,https://neolook.com/archives/2001092701a.jpg
20010927a,송용민 회화展,민중,exhibition,송용민,반장님,골판지에 아크릴채색,110×79cm,2001,https://neolook.com/archives/2001092702a.jpg
20010928a,한진수 설치展,공중,exhibition,한진수,공중,플라스틱 입체 픽토그램 설치,2001,부분,https://neolook.com/archives/2001092801a.jpg
20011001a,한·유럽의 비디오 작가展,Unreal Time Video,exhibition,김영진,천체 Globe,비디오 영상,00:12:00,2001,https://neolook.com/archives/2001100102a.jpg
20011001a,한·유럽의 비디오 작가展,Unreal Time Video,exhibition,로제마리 트로켈,이본느,비디오 영상,00:14:00,1997,https://neolook.com/archives/2001100103a.jpg
20011001a,한·유럽의 비디오 작가展,Unreal Time Video,exhibition,앙쥬 레시아,바다,비디오 영상,00:10:00,2001,https://neolook.com/archives/2001100104a.jpg
20011002a,김현희 사진展,Another Voice,exhibition,김현희,She#5,스판덱스 컬러인화,110×90cm,2001,https://neolook.com/archives/2001100201a.jpg
20011002a,김현희 사진展,Another Voice,exhibition,김현희,He#5,스판덱스 컬러인화,110×90cm,2001,https://neolook.com/archives/2001100202a.jpg
20011003a,깊고 오묘하고 그윽하며 포근한,여성과 공간*** 여성과 시간,other,최인숙,talking about #1,시바크롬 프린트,20×24inch,2001,https://neolook.com/archives/2001100302a.jpg
20011004a,김진열 회화展,사람들-傷痕과 生命의 노래,exhibition,김진열,두둘겨 맞는 사람,철판 마분지 배접 아크릴 칼라,152×195cm,1985,https://neolook.com/archives/2001100403a.jpg
20011004a,김진열 회화展,사람들-傷痕과 生命의 노래,exhibition,김진열,줍는사람,한지 유인물 배접 철판 아크릴 칼라,178×192cm,1995,https://neolook.com/archives/2001100404a.jpg
20011004a,김진열 회화展,사람들-傷痕과 生命의 노래,exhibition,김진열,원주 시외버스 터미날,한지에 아크릴,160×105cm,2001,https://neolook.com/archives/2001100405a.jpg
20011006a,주연展 / ZUYEON / 朱延 / installation,Play,solo exhibition,주연,plamodel 1,플라스틱,170×120cm,2001,https://neolook.com/archives/2001100601a.jpg
20011006a,주연展 / ZUYEON / 朱延 / installation,Play,solo exhibition,주연,play,플라스틱,설치,2001,https://neolook.com/archives/2001100602a.jpg
20011007a,이석주 회화展,여행으로부터의 귀환,exhibition,이석주,벽,캔버스에 유채,80×100cm,1980,https://neolook.com/archives/2001100703a.jpg
20011007a,이석주 회화展,여행으로부터의 귀환,exhibition,이석주,일상,캔버스에 유채,194×259cm,1985,https://neolook.com/archives/2001100704a.jpg
20011007a,이석주 회화展,여행으로부터의 귀환,exhibition,이석주,일상,캔버스에 유채,194×259cm,1985,https://neolook.com/archives/2001100705a.jpg
20011007a,이석주 회화展,여행으로부터의 귀환,exhibition,이석주,일상,캔버스에 유채,194×259cm,1991,https://neolook.com/archives/2001100707a.jpg
20011008a,정은정 사진展,동물 · 에피소드 I,exhibition,정은정,A Dear Head,컬러인화,150×200cm,2000,https://neolook.com/archives/2001100801a.jpg
20011008a,정은정 사진展,동물 · 에피소드 I,exhibition,정은정,A Duck on My Bathtub,컬러인화,150×200cm,1998,https://neolook.com/archives/2001100802a.jpg
20011009a,임안나展 / LIMANNA / 林安羅 / photography,How much am I?,solo exhibition,임안나,안식의 150만원,디지털 프린트,510×330cm,2001,https://neolook.com/archives/2001100901a.jpg
20011009a,임안나展 / LIMANNA / 林安羅 / photography,How much am I?,solo exhibition,임안나,횡재를 기다리며,디지털 프린트,510×330cm,2001,https://neolook.com/archives/2001100902a.jpg
20011011a,임상빈 디지털 프린트展,아날로지탈,exhibition,임상빈 ,Sunflower,판넬에 디지털 프린트,81×36cm,2001,https://neolook.com/archives/2001101101a.jpg
20011013a,아시아 사진이란 무엇인가?,2001아시아사진학술대회,other,쭈밍,Untitle,흑백인화,2000,변형,https://neolook.com/archives/2001101301a.jpg
20011015a,석재현 사진展,IN/DIFFERENT PLACE,exhibition,석재현,IN/DIFFERENT PLACE,흑백인화,23×33cm,2001,https://neolook.com/archives/2001101501a.jpg
20011015a,석재현 사진展,IN/DIFFERENT PLACE,exhibition,석재현,IN/DIFFERENT PLACE,흑백인화,23×33cm,2001,https://neolook.com/archives/2001101502a.jpg
20011015a,석재현 사진展,IN/DIFFERENT PLACE,exhibition,석재현,IN/DIFFERENT PLACE,흑백인화,23×33cm,2001,https://neolook.com/archives/2001101503a.jpg
20011015a,석재현 사진展,IN/DIFFERENT PLACE,exhibition,석재현,IN/DIFFERENT PLACE,흑백인화,23×33cm,2001,https://neolook.com/archives/2001101504a.jpg
20011015a,석재현 사진展,IN/DIFFERENT PLACE,exhibition,석재현,IN/DIFFERENT PLACE,흑백인화,23×33cm,2001,https://neolook.com/archives/2001101505a.jpg
20011015a,석재현 사진展,IN/DIFFERENT PLACE,exhibition,석재현,IN/DIFFERENT PLACE,흑백인화,23×33cm,2001,https://neolook.com/archives/2001101506a.jpg
20011015a,석재현 사진展,IN/DIFFERENT PLACE,exhibition,석재현,IN/DIFFERENT PLACE,흑백인화,23×33cm,2001,https://neolook.com/archives/2001101507a.jpg
20011015a,석재현 사진展,IN/DIFFERENT PLACE,exhibition,석재현,IN/DIFFERENT PLACE,흑백인화,23×33cm,2001,https://neolook.com/archives/2001101508a.jpg
20011015a,석재현 사진展,IN/DIFFERENT PLACE,exhibition,석재현,IN/DIFFERENT PLACE,흑백인화,23×33cm,2001,https://neolook.com/archives/2001101509a.jpg
20011015a,석재현 사진展,IN/DIFFERENT PLACE,exhibition,석재현,IN/DIFFERENT PLACE,흑백인화,23×33cm,2001,https://neolook.com/archives/2001101510a.jpg
20011017a,'색다른 일상*** 진부한 일탈' 영상展,상어*** 비행기를 물다,exhibition,유지숙,10years self-portrait,비디오 영상,00:04:00,2001,https://neolook.com/archives/2001101701a.jpg
20011017a,'색다른 일상*** 진부한 일탈' 영상展,상어*** 비행기를 물다,exhibition,심철웅,허가받지 않은 이륜구동의 주인,비디오 영상,00:10:00,2001,https://neolook.com/archives/2001101702a.jpg
20011017a,'색다른 일상*** 진부한 일탈' 영상展,상어*** 비행기를 물다,exhibition,조지은,웨딩웨딩,애니메이션,00:04:00,2001,https://neolook.com/archives/2001101704a.jpg
20011018a,박혜수展 / PARKHYESOO / 朴彗秀 / installation,표면에서 느끼는 깊이 The Depth on the Surface,solo exhibition,박혜수,번지기,나일론에 쑥 은행나뭇잎,180×200×15cm,2000,https://neolook.com/archives/2001101802a.jpg
20011018a,박혜수展 / PARKHYESOO / 朴彗秀 / installation,표면에서 느끼는 깊이 The Depth on the Surface,solo exhibition,박혜수,2000 綠,나뭇잎가루,600×1500cm,2000,https://neolook.com/archives/2001101803a.jpg
20011019a,이여운_조미영_홍지윤_유미선展,골·목·에·서·만·나·다,exhibition,홍지윤,사유의 풍경,담벼락/밤과 낮,천에 수묵 방해말,2001,https://neolook.com/archives/2001101903a.jpg
20011022a,최홍구 조각展,사유의 탄력성,exhibition,최홍구,사유의 탄력성 Ⅶ,고무,54×44×11cm,2001,https://neolook.com/archives/2001102202a.jpg
20011022a,최홍구 조각展,사유의 탄력성,exhibition,최홍구,사유의 탄력성 Ⅵ,고무,37×85×50cm,2001,https://neolook.com/archives/2001102203a.jpg
20011022a,최홍구 조각展,사유의 탄력성,exhibition,최홍구,사유의 탄력성 Ⅱ,고무,78×84×160cm,2001,https://neolook.com/archives/2001102204a.jpg
20011023a,방정아展 / BANGJEONGAH / 方靖雅 / painting,무갈등의 시절,solo exhibition,방정아,동심초,종이찰흙에 아크릴채색,40×25×15cm,2001,https://neolook.com/archives/2001102301a.jpg
20011023a,방정아展 / BANGJEONGAH / 方靖雅 / painting,무갈등의 시절,solo exhibition,방정아,미션 임파서블,캔버스에 아크릴채색,116.8×91cm,2001,https://neolook.com/archives/2001102303a.jpg
20011023a,방정아展 / BANGJEONGAH / 方靖雅 / painting,무갈등의 시절,solo exhibition,방정아,새로운 시선,캔버스에 아크릴채색,91×47cm,2001,https://neolook.com/archives/2001102304a.jpg
20011023a,방정아展 / BANGJEONGAH / 方靖雅 / painting,무갈등의 시절,solo exhibition,방정아,관리되는 공포,캔버스에 아크릴채색,80.3×65.1cm,2001,https://neolook.com/archives/2001102305a.jpg
20011023a,방정아展 / BANGJEONGAH / 方靖雅 / painting,무갈등의 시절,solo exhibition,방정아,제살 뜯어먹는 놈,캔버스에 아크릴채색,93×62cm,2000,https://neolook.com/archives/2001102306a.jpg
20011023a,방정아展 / BANGJEONGAH / 方靖雅 / painting,무갈등의 시절,solo exhibition,방정아,그냥 날 내버려 둬,캔버스에 아크릴채색,72.7×53cm,2001,https://neolook.com/archives/2001102307a.jpg
20011025a,원혜연 회화展,빛과 시간과 바람과 시선,exhibition,원혜연,사랑,캔버스에 유채,60.6×72.7cm,2000,https://neolook.com/archives/2001102501a.jpg
20011025a,원혜연 회화展,빛과 시간과 바람과 시선,exhibition,원혜연,꽃에 지다,캔버스에 유채,62×24cm,2000,https://neolook.com/archives/2001102502a.jpg
20011025a,원혜연 회화展,빛과 시간과 바람과 시선,exhibition,원혜연,마술적 감응,캔버스에 유채,72.7×60.6cm,2001,https://neolook.com/archives/2001102503a.jpg
20011026a,길현수展,MYSTERY TOUCH,exhibition,길현수,Mystery Touch 요소 정원,요소꽃 건조된 고기 아크릴 판,설치,2001,https://neolook.com/archives/2001102601a.jpg
20011026a,길현수展,MYSTERY TOUCH,exhibition,길현수,Mystery Touch NO.20010508-09,캔버스에 혼합재료,130×162cm,2001,/archives/2001102602a.gif
20011026a,길현수展,MYSTERY TOUCH,exhibition,길현수,Mystery Touch 뫼비우스의 띠,약병 요소꽃 검정 테이프 아크릴 판,설치,2001,https://neolook.com/archives/2001102603a.jpg
20011026a,길현수展,MYSTERY TOUCH,exhibition,길현수,Mystery Touch 클라인의 병,샬레 요소꽃 검정 테이프 아크릴 판,설치,2001,https://neolook.com/archives/2001102604a.jpg
20011027a,권정준 사진展,Go-around,exhibition,권정준,space overturning-어머니,잉크젯 출력,17×27×13cm,2001,https://neolook.com/archives/2001102701a.jpg
20011027a,권정준 사진展,Go-around,exhibition,권정준,규선,다중촬영 흑백인화,20×24inch,2001,https://neolook.com/archives/2001102702a.jpg
20011027a,권정준 사진展,Go-around,exhibition,권정준,Go-around 규선,컬러인화,246×80cm,2001,https://neolook.com/archives/2001102703a.jpg
20011027a,권정준 사진展,Go-around,exhibition,권정준,Go-around 남대문,컬러인화,150×182cm,2001,https://neolook.com/archives/2001102704a.jpg
20011028a,이주형 사진展,경계,exhibition,이주형,어스름,흑백인화,50×40cm,2001,https://neolook.com/archives/2001102801a.jpg
20011028a,이주형 사진展,경계,exhibition,이주형,어스름,흑백인화,50×40cm,2001,https://neolook.com/archives/2001102802a.jpg
20011031a,김유라 회화展,Seeing Echoes,exhibition,김유라,고백한다고 덜 죽지 않아,캔버스에 혼합재료,178×118cm,2001,https://neolook.com/archives/2001103101a.jpg
20011031a,김유라 회화展,Seeing Echoes,exhibition,김유라,Snow,캔버스에 아크릴채색,75×75cm,1995,https://neolook.com/archives/2001103102a.jpg
20011101a,남정식展,자연과 건물*** 그 해체된 풍경,exhibition,남정식,무제,한지에 혼합재료,86×70cm,2001,https://neolook.com/archives/2001110101a.jpg
20011101a,남정식展,자연과 건물*** 그 해체된 풍경,exhibition,남정식,무제,한지에 혼합재료,43×22cm,2001,https://neolook.com/archives/2001110102a.jpg
20011104a,올해의 작가 2001 : 권옥연展,이미지를 찾는 자유로운 유영,exhibition,권옥연,자화상,캔버스에 유채,53×40cm,1970,https://neolook.com/archives/2001110402a.jpg
20011106a,인디시엄 - 표시 또는 징후,증인들: 호주사진미디어작가展,other,찰스 그림과 린델 브라운,엔트로픽 풍경,필름에 디지털 프린트,104.7×104.7cm,1999-2001,https://neolook.com/archives/2001110601a.jpg
20011106a,인디시엄 - 표시 또는 징후,증인들: 호주사진미디어작가展,other,마이클 라일리,구름,종이에 잉크젯 프린트,84×118.8cm,2000,https://neolook.com/archives/2001110602a.jpg
20011106a,인디시엄 - 표시 또는 징후,증인들: 호주사진미디어작가展,other,캐서린 로져,위성도시의 풍경,잉크젯 프린트,56×76cm,2000,https://neolook.com/archives/2001110603a.jpg
20011108a,최우람展,170개의 BOX ROBOT,exhibition,최우람,170개의 박스 로봇,골판지 적외선 센서와 기어박스,10×10×10cm×170,2001,https://neolook.com/archives/2001110801a.jpg
20011108a,최우람展,170개의 BOX ROBOT,exhibition,최우람,170개의 박스 로봇,골판지 적외선 센서와 기어박스,10×10×10cm×170,2001,https://neolook.com/archives/2001110802a.jpg
20011110a,1부_평면 / 2001_1114 ▶ 2001_1124,횡단하는 이미지展,other,문범,slow same ＃20001 ＃20005,캔버스에 오일스틱,152×310×15cm×2,1999-2000,https://neolook.com/archives/2001111002a.jpg
20011110a,1부_평면 / 2001_1114 ▶ 2001_1124,횡단하는 이미지展,other,황주리,삶은 어딘가 다른곳에...,캔버스에 아크릴채색,543×225cm,1999,https://neolook.com/archives/2001111004a.jpg
20011110a,1부_평면 / 2001_1114 ▶ 2001_1124,횡단하는 이미지展,other,강용면,온고지신,브론즈 목조에 채색,144×133×133cm,2000,https://neolook.com/archives/2001111005a.jpg
20011110a,1부_평면 / 2001_1114 ▶ 2001_1124,횡단하는 이미지展,other,조성묵,communication,식용국수,300×400×100cm,1999,https://neolook.com/archives/2001111006a.jpg
20011111a,이순종展 / LEESOONJONG / 李純鍾 / painting,여인의 사군자,solo exhibition,이순종,매梅,머리카락,70×70×50cm,2001,https://neolook.com/archives/2001111101a.jpg
20011111a,이순종展 / LEESOONJONG / 李純鍾 / painting,여인의 사군자,solo exhibition,이순종,난蘭,머리카락,12×10×10cm,2001,https://neolook.com/archives/2001111102a.jpg
20011111a,이순종展 / LEESOONJONG / 李純鍾 / painting,여인의 사군자,solo exhibition,이순종,국菊,머리카락,50×40×20cm,2001,https://neolook.com/archives/2001111103a.jpg
20011111a,이순종展 / LEESOONJONG / 李純鍾 / painting,여인의 사군자,solo exhibition,이순종,죽竹,머리카락,250×7×5cm,2001,https://neolook.com/archives/2001111104a.jpg
20011114a,나현展 / NAHYUN / 羅賢 / mixed media,해부도 dissecting knife 解剖刀,solo exhibition,나현,잡초 weed,캔버스에 혼합재료,227×181cm,2001 ,https://neolook.com/archives/2001111405a.jpg
20011117a,안성금展,戰時中·展示中,exhibition,안성금,인간을 위하여3,천에 먹,280×160cm,1985,https://neolook.com/archives/2001111702a.jpg
20011118a,송문익 수묵담채展,우포늪에서,exhibition,송문익,이월의 우포,한지에 수묵담채,89×93cm,2000,https://neolook.com/archives/2001111801a.jpg
20011118a,송문익 수묵담채展,우포늪에서,exhibition,송문익,늪의 언덕,한지에 수묵담채,71×62cm,1999,https://neolook.com/archives/2001111802a.jpg
20011119a,김주호展 / KIMJOOHO / 金周鎬 / sculpture,무엇을 도와 드릴까요,solo exhibition,김주호,휴게실 풍경,166×51×48cm,합성수지에 채색,1999,https://neolook.com/archives/2001111901a.jpg
20011121a,공성훈 회화展,벽제의 밤,exhibition,공성훈,자화상,캔버스에 유채,194×130cm,2001,https://neolook.com/archives/2001112101a.jpg
20011121a,공성훈 회화展,벽제의 밤,exhibition,공성훈,눈오는 밤,캔버스에 유채,120×120cm,2001,https://neolook.com/archives/2001112102a.jpg
20011121a,공성훈 회화展,벽제의 밤,exhibition,공성훈,개,캔버스에 유채,112×145.5cm,2001,https://neolook.com/archives/2001112103a.jpg
20011121a,공성훈 회화展,벽제의 밤,exhibition,공성훈,개,캔버스에 유채,112×145.5cm,2001,https://neolook.com/archives/2001112104a.jpg
20011123a,이순종_이향숙展,자국,exhibition,이향숙,두세대,사진설치,27.8×35.5cm,2001,https://neolook.com/archives/2001112301a.jpg
20011127a,왕 광의_유에 민쥔_쩡 판즈_쩡 하오_쩌우 춘야,중국현대미술 5인전,other,쩡 판즈,가면 No.10,캔버스에 유채,220×145cm,2001,https://neolook.com/archives/2001112702a.jpg
20011127a,왕 광의_유에 민쥔_쩡 판즈_쩡 하오_쩌우 춘야,중국현대미술 5인전,other,왕 광의,대비판,캔버스에 유채,150×120cm,2001,https://neolook.com/archives/2001112703a.jpg
20011127a,왕 광의_유에 민쥔_쩡 판즈_쩡 하오_쩌우 춘야,중국현대미술 5인전,other,왕 광의,대비판,캔버스에 유채,150×150cm,2001,https://neolook.com/archives/2001112704a.jpg
20011127a,왕 광의_유에 민쥔_쩡 판즈_쩡 하오_쩌우 춘야,중국현대미술 5인전,other,유에 민쥔,무제1,캔버스에 유채,140×110cm,2000,https://neolook.com/archives/2001112705a.jpg
20011127a,왕 광의_유에 민쥔_쩡 판즈_쩡 하오_쩌우 춘야,중국현대미술 5인전,other,유에 민쥔,무제4,캔버스에 유채,140×110cm,2000,https://neolook.com/archives/2001112706a.jpg
20011127a,왕 광의_유에 민쥔_쩡 판즈_쩡 하오_쩌우 춘야,중국현대미술 5인전,other,쩌우 춘야,초록개 18,캔버스에 유채,220×320cm,2001,https://neolook.com/archives/2001112709a.jpg
20011129a,이일호 조각展,사랑과 죽음에 대하여,exhibition,이일호,생과사,대리석,50×30×45cm,2001,https://neolook.com/archives/2001112901a.jpg
20011129a,이일호 조각展,사랑과 죽음에 대하여,exhibition,이일호,혼혼돈돈,대리석,40×50×65cm,2001,https://neolook.com/archives/2001112902a.jpg
20011129a,이일호 조각展,사랑과 죽음에 대하여,exhibition,이일호,한반중,대리석,50×40×70cm,2001,https://neolook.com/archives/2001112903a.jpg
20011129a,이일호 조각展,사랑과 죽음에 대하여,exhibition,이일호,사랑의 묵시록,청동,450×1200×1400cm,2001,https://neolook.com/archives/2001112904a.jpg
20011201a,홍선웅 판화展,판각기행｜먹판화의 아름다움,exhibition,홍선웅,강화장터2,먹판화 천연염색 무명(쪽) 먹 목판,25×23cm,2001,https://neolook.com/archives/2001120101a.jpg
20011201a,홍선웅 판화展,판각기행｜먹판화의 아름다움,exhibition,홍선웅,사인암(舍人巖),다색 먹판화,37×32cm,2000,https://neolook.com/archives/2001120102a.jpg
20011201a,홍선웅 판화展,판각기행｜먹판화의 아름다움,exhibition,홍선웅,금강화곡4,한지에 먹판화 먹 천연염색(쪽) 목판,37.5×29.5cm,2001,https://neolook.com/archives/2001120103a.jpg
20011202a,다섯직장인들의 사진展,카메라를 든 김대리,exhibition,나대경,뿌리내리기,DV 6mm 극영화,00:25:00,2001,https://neolook.com/archives/2001120201a.jpg
20011202a,다섯직장인들의 사진展,카메라를 든 김대리,exhibition,염은정,서른즈음에...,DV 6mm 다큐멘터리,00:20:00,2001,https://neolook.com/archives/2001120203a.jpg
20011202a,다섯직장인들의 사진展,카메라를 든 김대리,exhibition,홍유정,who,DV 6mm 단편영화,00:22:00,2001,https://neolook.com/archives/2001120204a.jpg
20011202a,다섯직장인들의 사진展,카메라를 든 김대리,exhibition,남세현,OPEN PROPOSE 민수형 장가보내기,DV 6mm 다큐멘터리,00:15:00,2001,https://neolook.com/archives/2001120205a.jpg
20011203a,심철웅 영상展,한강 in Red,exhibition,심철웅,한강 in Red,비디오 영상,00:11:00,2001,https://neolook.com/archives/2001120301a.jpg
20011203a,심철웅 영상展,한강 in Red,exhibition,심철웅,한강 in Red,비디오 영상,00:11:00,2001,https://neolook.com/archives/2001120302a.jpg
20011203a,심철웅 영상展,한강 in Red,exhibition,심철웅,한강 in Red,비디오 영상,00:11:00,2001,https://neolook.com/archives/2001120303a.jpg
20011206a,시각 장애인을 위한 조각展,손끝으로 보는 조각전,exhibition,이종빈,남자흉상,대리석,45×35×22cm,2001,https://neolook.com/archives/2001120601a.jpg
20011206a,시각 장애인을 위한 조각展,손끝으로 보는 조각전,exhibition,김연,Waterside,합성수지,70×33×7cm,2001,https://neolook.com/archives/2001120602a.jpg
20011206a,시각 장애인을 위한 조각展,손끝으로 보는 조각전,exhibition,원인종,2개의 관악산,라텍스 포맥스,160×85×7cm,2001,https://neolook.com/archives/2001120603a.jpg
20011206a,시각 장애인을 위한 조각展,손끝으로 보는 조각전,exhibition,김영원,봄,브론즈,30×45×30cm,2001,https://neolook.com/archives/2001120604a.jpg
20011208a,이광호 회화展,상징과 성찰의 여백,exhibition,이광호,벽과 그림,캔버스에 유채,150×150cm,2001,https://neolook.com/archives/2001120802a.jpg
20011208a,이광호 회화展,상징과 성찰의 여백,exhibition,이광호,그림보는 혜련,캔버스에 유채,97×130cm,2001,https://neolook.com/archives/2001120804a.jpg
20011210a,홍성석 회화展,人間*** 그 존재에 대한 독백,exhibition,홍성석,인간 그 존재에 대한 독백,캔버스에 아크릴채색,90.9×116.7cm,2001,https://neolook.com/archives/2001121001a.jpg
20011210a,홍성석 회화展,人間*** 그 존재에 대한 독백,exhibition,홍성석,인간 그 존재에 대한 독백,캔버스에 아크릴채색,90.9×116.7cm,2001,https://neolook.com/archives/2001121002a.jpg
20011210a,홍성석 회화展,人間*** 그 존재에 대한 독백,exhibition,홍성석,인간 그 존재에 대한 독백,캔버스에 아크릴채색,90.9×116.7cm,2001,https://neolook.com/archives/2001121003a.jpg
20011212a,스티브 프리나展,Push Comes to Love,exhibition,스티브 프리나,"""What's Wrong...?""",컬러인화와 컴퓨터 출력 필름,1996,부분,https://neolook.com/archives/2001121202a.jpg
20011213a,설원기 드로잉展,Flower Still Life,exhibition,설원기,Flower Still Life,한지에 먹과 목탄,100×70cm,2001,https://neolook.com/archives/2001121301a.jpg
20011213a,설원기 드로잉展,Flower Still Life,exhibition,설원기,Still Life with Eggs,한지에 먹과 목탄,100×70cm,2001,https://neolook.com/archives/2001121302a.jpg
20011216a,이영학 조각展,새_기지旣知와 미지未知의 유희,exhibition,이영학,새,철,32×12×36cm×2,2001,https://neolook.com/archives/2001121601a.jpg
20011216a,이영학 조각展,새_기지旣知와 미지未知의 유희,exhibition,이영학,새,철,35×16×10cm,2001,https://neolook.com/archives/2001121602a.jpg
20011216a,이영학 조각展,새_기지旣知와 미지未知의 유희,exhibition,이영학,새,철,47×11×24cm,2001,https://neolook.com/archives/2001121603a.jpg
20011217a,정영철 조각展,시적 정취와 삶에 대한 반성,exhibition,정영철,생존2001-52,마대 FRP에 채색,117×78×43cm,2001,https://neolook.com/archives/2001121701a.jpg
20011217a,정영철 조각展,시적 정취와 삶에 대한 반성,exhibition,정영철,생존2001-54,마대 황동 FRP에 채색,114×58×30cm,2001,https://neolook.com/archives/2001121702a.jpg
20011217a,정영철 조각展,시적 정취와 삶에 대한 반성,exhibition,정영철,생존2001-55,마대 FRP에 채색,115×40×72cm,2001,https://neolook.com/archives/2001121703a.jpg
20011219a,IENES_유세종_엘리사 프란조이 퍼포먼스 설치展,가설의 서커스 III,exhibition,IENES,가설의 서커스Ⅰ 공연장면,실비바사네즈 갤러리,이태리,1999,https://neolook.com/archives/2001121901a.jpg
20011219a,IENES_유세종_엘리사 프란조이 퍼포먼스 설치展,가설의 서커스 III,exhibition,IENES,가설의 서커스Ⅰ 공연장면,실비바사네즈 갤러리,이태리,1999,https://neolook.com/archives/2001121902a.jpg
20011220a,제13회 조국의 산하展,바람바람바람,exhibition,구본주,부부,나무에 채색,50×50×25cm,2000,https://neolook.com/archives/2001122002a.jpg
20011220a,제13회 조국의 산하展,바람바람바람,exhibition,최민화,분홍-기타,캔버스에 유채,91×116.8cm,1990,https://neolook.com/archives/2001122003a.jpg
20011221a,김희경 조각展,Twin 수건 화장실,exhibition,김희경,Twin 수건 화장실,수건 솜,230×310×230cm,2001,https://neolook.com/archives/2001122101a.jpg
20011221a,김희경 조각展,Twin 수건 화장실,exhibition,김희경,Twin 수건 화장실,수건 솜,230×310×230cm,2001,https://neolook.com/archives/2001122102a.jpg
20011221a,김희경 조각展,Twin 수건 화장실,exhibition,김희경,Twin 수건 화장실,수건 솜,230×310×230cm,2001,https://neolook.com/archives/2001122103a.jpg
20011222a,이유진 금속展,아름다운 흉기,exhibition,이유진,흉기-목걸이,금 은,145×16×16mm,2001,https://neolook.com/archives/2001122201a.jpg
20011222a,이유진 금속展,아름다운 흉기,exhibition,이유진,유혹-목걸이,금 은 깃털,100×130×5mm,2001,https://neolook.com/archives/2001122202a.jpg
20011222a,이유진 금속展,아름다운 흉기,exhibition,이유진,유혹-브로치,금 은 깃털,각각 80×15×80mm 또는 90×15×90mm,2001,https://neolook.com/archives/2001122203a.jpg
20011223a,독특한 시각 이미지의 작가들,12월의 감성展,other,박소영,화분,토분 폴리코트 모조잎,40×16×16cm,2001,https://neolook.com/archives/2001122301a.jpg
20011223a,독특한 시각 이미지의 작가들,12월의 감성展,other,류준화,무제,캔버스에 혼합재료,20.5×15cm,2001,https://neolook.com/archives/2001122302a.jpg
20011223a,독특한 시각 이미지의 작가들,12월의 감성展,other,황성준,마스크,캔버스에 유채,각각 60×40cm,2001,https://neolook.com/archives/2001122303a.jpg
20011223a,독특한 시각 이미지의 작가들,12월의 감성展,other,이동기,아토마우스,캔버스에 아크릴채색,31.7×40.7cm,2001,https://neolook.com/archives/2001122304a.jpg
20011224a,송하규 사진展,작은 움직임,exhibition,송하규,작은 움직임,흑백인화,39.5×27.5×5cm,2001,https://neolook.com/archives/2001122401a.jpg
20011225a,윤정미 사진展,자연사 박물관,exhibition,윤정미,자연사 박물관,컬러인화,70×70cm,2001,https://neolook.com/archives/2001122501a.jpg
20011225a,윤정미 사진展,자연사 박물관,exhibition,윤정미,자연사 박물관,컬러인화,70×70cm,2001,https://neolook.com/archives/2001122503a.jpg
20011225a,윤정미 사진展,자연사 박물관,exhibition,윤정미,자연사 박물관,컬러인화,70×70cm,2001,https://neolook.com/archives/2001122504a.jpg
20011225a,윤정미 사진展,자연사 박물관,exhibition,윤정미,자연사 박물관,컬러인화,70×57cm,2001,https://neolook.com/archives/2001122505a.jpg
20011227a,구본아_박희영_유윤빈_유재현_임지혜 수묵展,動動展,exhibition,박희영,하늘과 느낌,한지에 수묵,27×35cm,2001,https://neolook.com/archives/2001122702a.jpg
20011227a,구본아_박희영_유윤빈_유재현_임지혜 수묵展,動動展,exhibition,유재현,광화문 연가,한지에 수묵,160×116cm,2001,https://neolook.com/archives/2001122704a.jpg
20011228a,윤대영 회화展,UriGoodoo,exhibition,윤대영,Junkie of Jungle..,캔버스에 아크릴채색,120×120cm,2001,https://neolook.com/archives/2001122803a.jpg
20011229a,현기호 사진展,time / parallax,exhibition,현기호,시각과 시차,황토 MDF C 프린트,50×50cm,2001,https://neolook.com/archives/2001122901a.jpg
20011229a,현기호 사진展,time / parallax,exhibition,현기호,시각과 시차,황토 MDF C 프린트,50×50cm,2001,https://neolook.com/archives/2001122902a.jpg
20011229a,현기호 사진展,time / parallax,exhibition,현기호,시각과 시차,황토 MDF C 프린트,50×50cm,2001,https://neolook.com/archives/2001122903a.jpg
20011229a,현기호 사진展,time / parallax,exhibition,현기호,시각과 시차,황토 MDF C 프린트,50×50cm,2001,https://neolook.com/archives/2001122904a.jpg
20011230a,장지아 영상·파티展,What's the Matter?,exhibition,장지아,As if~ (Remember),단채널 비디오 영상,00:02:52,2001,https://neolook.com/archives/2001123002a.jpg
20011230a,장지아 영상·파티展,What's the Matter?,exhibition,장지아,I'm sixteen,단채널 비디오 영상,00:02:40,2001,https://neolook.com/archives/2001123003a.jpg
